,precision,recall,f1-score,support
False,0.9937646141855028,0.99687255668491,0.9953161592505855,1279.0
True,0.9428571428571428,0.8918918918918919,0.9166666666666666,74.0
accuracy,0.991130820399113,0.991130820399113,0.991130820399113,0.991130820399113
macro avg,0.9683108785213228,0.944382224288401,0.955991412958626,1353.0
weighted avg,0.9909803178970337,0.991130820399113,0.9910145609865721,1353.0
