,precision,recall,f1-score,support
False,1.0,0.9959505061867266,0.9979711451758341,4445.0
True,0.9234042553191489,1.0,0.9601769911504425,217.0
accuracy,0.9961389961389961,0.9961389961389961,0.9961389961389961,0.9961389961389961
macro avg,0.9617021276595745,0.9979752530933633,0.9790740681631382,4662.0
weighted avg,0.9964347326049454,0.9961389961389961,0.9962119578263039,4662.0
