,precision,recall,f1-score,support
False,0.9976470588235294,0.9945269741985927,0.9960845732184808,1279.0
True,0.9102564102564102,0.9594594594594594,0.9342105263157895,74.0
accuracy,0.9926090169992609,0.9926090169992609,0.9926090169992609,0.9926090169992609
macro avg,0.9539517345399698,0.9769932168290261,0.9651475497671351,1353.0
weighted avg,0.9928673781184542,0.9926090169992609,0.9927004790050298,1353.0
