,precision,recall,f1-score,support
False,0.9995500562429697,0.9995500562429697,0.9995500562429697,4445.0
True,0.9907834101382489,0.9907834101382489,0.9907834101382489,217.0
accuracy,0.9991419991419992,0.9991419991419992,0.9991419991419992,0.9991419991419992
macro avg,0.9951667331906093,0.9951667331906093,0.9951667331906093,4662.0
weighted avg,0.9991419991419992,0.9991419991419992,0.9991419991419992,4662.0
