,precision,recall,f1-score,support
False,0.9986510791366906,0.9993250843644544,0.9989879680647701,4445.0
True,0.985981308411215,0.9723502304147466,0.9791183294663574,217.0
accuracy,0.9980694980694981,0.9980694980694981,0.9980694980694981,0.9980694980694981
macro avg,0.9923161937739529,0.9858376573896005,0.9890531487655637,4662.0
weighted avg,0.9980613450638832,0.9980694980694981,0.998063105006886,4662.0
