,precision,recall,f1-score,support
False,0.994544037412315,0.997654417513683,0.996096799375488,1279
True,0.957142857142857,0.905405405405405,0.930555555555556,74
accuracy,0.992609016999261,0.992609016999261,0.992609016999261,0.992609016999261
macro avg,0.975843447277586,0.951529911459544,0.963326177465522,1353
weighted avg,0.992498444404229,0.992609016999261,0.992512134155477,1353
